,captcua,file
0,4ay2,1
2,qmqh,2
4,kc3c,3
6,1549,4
8,5rqz,5
10,af5k,6
12,nt2n,7
14,5ttp,8
16,k7p9,9
18,4m7n,10
19,hz53,11
21,pr54,12
23,t5mk,13
25,tmpr,14
27,mh97,15
28,nzzq,16
30,yrzk,17
32,qant,18
34,pka3,19
36,3zfp,20
38,nf9k,21
40,kptr,22
42,fk55,23
44,a5az,24
46,22q2,25
48,fcta,26
50,f25r,27
52,pc2k,28
54,zmf9,29
56,tmf9,30
58,p7ya,31
59,4pzq,32
61,5yz2,33
63,55za,34
65,595m,35
66,q9nf,36
68,4t5r,37
70,7rh4,38
72,cpp2,39
74,z7nf,40
76,7ctq,41
78,qp2m,42
79,z7pt,43
81,zzyh,44
83,9h9t,45
85,c723,46
87,22m4,47
89,7k9y,48
91,z52z,49
93,9yzf,50
95,y4r2,51
97,q3zk,52
100,9p4c,53
101,4pnf,54
102,222p,55
103,czkc,56
104,2r9n,57
105,k7a2,58
106,hamt,59
107,z7y4,60
108,q2y7,61
109,aknt,62
110,t5mk,63
111,kz49,64
112,ayt2,65
113,ytr5,66
114,htpa,67
115,3acq,68
116,4thp,69
117,7p2y,70
118,9h9t,71
119,5yz2,72
120,yqan,73
121,72ca,74
122,qant,75
123,nar4,76
124,qfr4,77
,7na7,78
125,5rk4,79
126,hpth,80
127,zh59,81
,zy9a,82
128,my4q,83
,z2pr,84
129,3cn4,85
130,zrzk,86
131,n95t,87
132,3ymp,88
133,7hc9,89
134,7zt5,90
135,3rky,91
136,qpfc,92
137,35c2,93
138,k9a2,94
139,rfkq,95
,mzfh,96
140,k5yh,97
141,4p34,98
142,7zyt,99
143,3znm,100
144,tk5q,101
145,tnqy,102
146,kznc,103
,7na7,104
147,tcan,105
148,na4r,106
149,7tn2,107
,af5k,108
150,zf5m,109
151,9mrz,110
152,tzn9,111
153,4mf7,112
154,nyzc,113
155,znh9,114
156,pmp4,115
157,mazz,116
158,3m27,117
159,fan4,118
160,43tf,119
161,7k9y,120
162,zmf9,121
163,5fta,122
164,rmnk,123
165,ya42,124
166,a4rf,125
167,a9hy,126
168,4c5r,127
169,55za,128
170,q5yk,129
171,t57m,130
,tznm,131
172,5rk4,132
173,4nnc,133
174,na4r,134
175,yp4z,135
176,c723,136
177,kkzy,137
,maz3,138
178,7ttc,139
179,m537,140
180,32nm,141
181,a22q,142
182,y4r2,143
,mhp7,144
183,2q7a,145
184,4mf7,146
185,5pn4,147
186,45qk,148
187,n7fn,149
,ry3a,150
,f2hp,151
188,22m4,152
189,4ayz,153
190,2hzn,154
191,ny4y,155
192,a5m4,156
193,3nfz,157
194,a727,158
195,nzon,159
,3amq,160
196,cnmr,161
197,qfr4,162
198,m537,163
,9f4y,164
199,m537,165
200,hyz5,166
201,pka3,167
202,7ahm,168
203,974t,169
204,mf7a,170
205,kkzy,171
206,9p77,172
207,z2t7,173
208,73ty,174
209,a7kt,175
,mp34,176
210,m477,177
211,fqzk,178
212,h3tt,179
213,a9a3,180
214,4kmm,181
215,kkzy,182
216,fmz9,183
217,9pzm,184
218,r73z,185
219,5rk4,186
220,fph4,187
221,n37f,188
222,7zyt,189
223,qcca,190
224,c2pa,191
225,ymhy,192
226,ycpq,193
,pink,194
,m2pc,195
227,y34q,196
228,mz43,197
229,9mrz,198
230,9z22,199
231,kpmy,200
232,nzn5,201
,ma97,202
233,5pn4,203
234,55rf,204
235,3cf9,205
236,r3kr,206
237,5ttp,207
238,yq2n,208
,pmka,209
239,zrh3,210
240,7qrm,211
241,a4kc,212
242,nchp,213
243,2k9h,214
244,4m74,215
,5rqz,216
245,292c,217
246,m37m,218
247,znr9,219
248,p3kp,220
249,q7yf,221
250,rc7z,222
251,fcta,223
252,kaq7,224
,a54a,225
253,rkhz,226
254,kt97,227
255,qcca,228
256,ztn3,229
257,pnan,230
258,tz7r,231
259,93mf,232
,m9ch,233
260,rkhz,234
261,4q3n,235
262,z4tf,236
263,7rak,237
264,5t7y,238
265,phy2,239
266,9tmc,240
267,amrf,241
268,rkh2,242
,p47a,243
269,qrpz,244
270,cm79,245
271,pkna,246
272,z2pr,247
273,zrh3,248
274,4thp,249
275,zmf9,250
276,49pr,251
277,hqak,252
278,h57c,253
279,4h72,254
280,hnfh,255
281,cpp2,256
282,y4r2,257
283,4aaf,258
284,hfny,259
285,n75f,260
286,3m27,261
287,rkhz,262
288,4apc,263
289,f2nk,264
290,camt,265
291,m9ch,266
292,mrq7,267
293,n53h,268
294,zmrm,269
295,r9m5,270
296,npa5,271
,2faz,272
297,qh9y,273
298,cznh,274
299,r93y,275
300,a7y7,276
301,32y2,277
302,m995,278
303,m733,279
304,hfny,280
305,cm79,281
306,5cp4,282
,k3nn,283
,hc55,284
307,cpp2,285
308,af5k,286
309,rqhr,287
310,3t5k,288
311,hpq7,289
312,npa5,290
313,tmqf,291
314,5rk4,292
315,t3ty,293
316,q2y7,294
317,a7kt,295
318,rc7z,296
319,my4q,297
320,3zfp,298
321,7apq,299
322,55pm,300
323,a9a3,301
324,yf7r,302
325,y5m2,303
326,3krh,304
327,q5na,305
328,mt37,306
329,4rmn,307
330,na5q,308
331,7zh7,309
332,rrt5,310
333,n5qa,311
,m3cz,312
334,2rz3,313
335,pfm3,314
,mh97,315
,4mf7,316
336,q7yn,317
337,95ft,318
338,a7kt,319
339,2t95,320
340,5ttp,321
,4hnh,322
341,9fck,323
342,p3kp,324
343,a9ak,325
344,227t,326
345,hyz5,327
346,3ttz,328
347,z2t7,329
348,r73z,330
349,43tf,331
350,mkyq,332
351,47cp,333
352,pzff,334
,mf9f,335
,m3zt,336
353,2c5q,337
354,nktt,338
355,pmya,339
,qrpz,340
356,ct7t,341
357,2c5q,342
358,c723,343
,type,344
359,kknm,345
360,c543,346
361,2z5m,347
362,9535,348
363,tpaz,349
364,kpmy,350
365,35c2,351
366,mk5p,352
367,nzzq,353
368,hfym,354
369,m494,355
370,ztn3,356
371,r429,357
372,na4r,358
373,3cf9,359
374,rfz7,360
375,5ck9,361
,mzfn,362
376,4q3n,363
377,rct5,364
,q5na,365
378,2k9h,366
,9mhc,367
379,znr9,368
380,p3kp,369
381,4m74,370
382,k9zm,371
383,c723,372
384,nqpq,373
385,3cf9,374
386,4kmm,375
,mzfh,376
387,hzk2,377
388,2faz,378
,494h,379
389,5c9k,380
390,f244,381
391,77p2,382
392,m733,383
393,cznh,384
,mh97,385
394,59z4,386
395,nyzc,387
396,qqtk,388
397,9497,389
,k3nn,390
398,c723,391
399,kc3c,392
,m9rn,
400,2rah,394
401,mkyq,395
402,n9h5,396
,ytrm,397
403,r73z,398
404,htpa,399
405,5z29,400
406,5ck9,401
407,5n2t,402
408,45ty,403
409,3cn4,404
,m543,405
410,32nm,406
,k79y,407
411,4y5t,408
412,5n4m,409
413,qahm,410
414,pzzp,411
415,r4f4,412
416,hpn9,413
417,a5m4,414
418,3nfz,415
419,q4hk,416
420,22az,417
421,zmrm,418
422,yf74,419
423,4mr7,420
,maz3,421
424,9qk2,422
425,nzon,423
426,frpy,424
,9mhm,425
,a54a,426
,5hp4,427
427,4qmk,428
428,2azy,429
429,7ay5,430
430,zn29,431
,mp34,432
431,ckn3,433
432,n29y,434
433,3t5k,435
434,3zfp,436
,m9rn,437
435,73ty,438
436,272h,439
437,5nr4,440
438,59yy,441
,2rah,442
439,7ahm,443
440,ak37,444
441,7rak,445
442,ckpq,446
443,42z5,447
444,59z4,448
,n49c,449
445,nqn3,450
446,7fc9,451
,type,452
447,7zt5,453
448,kc3c,454
449,a9pt,455
450,32nm,456
451,n75f,457
452,2zr5,458
453,5rk4,459
,yp9t,460
454,y5ch,461
455,tcan,462
456,rrc5,463
,7ay5,464
457,2tn4,465
458,kz34,466
459,t549,467
,4h72,468
460,tkhn,469
461,9kqk,470
462,zn29,471
463,ap95,472
464,y3my,473
465,ncq7,474
,k9a2,475
466,znff,476
467,z3ym,477
468,5nr4,478
469,ntka,479
470,3nfz,480
,pm9a,481
,7nzm,482
471,r2qr,483
472,zmrm,484
473,mqk7,485
474,m9ch,486
,9mhm,487
475,amz7,488
476,kftp,489
477,4thp,490
478,f429,491
479,3amq,492
480,7znm,493
481,nkpc,494
482,4hnh,495
483,fqzk,496
484,t4ay,497
485,2c92,498
486,t4ay,499
,az4q,500
,5c9k,501
,mnnf,502
,yrkz,503
,qant,504
,a43t,505
,zz57,506
,z5tn,507
,3ttz,508
,yr3h,509
,p9z9,510
,4thp,511
,77kc,512
,9497,513
,4355,514
,yf74,515
,zp7r,516
,222p,517
,9h3q,518
,3acq,519
,cqfc,520
,7mq9,521
,tmqf,522
,7p9z,523
,rkhz,524
,trfz,525
,c97p,526
,5n4m,527
,k97a,528
,5rk4,529
,5a92,530
,z2t7,531
,m3cz,532
,9fcc,533
,aknt,534
,7kk7,535
,t52a,536
,pzzp,537
,h4n4,538
,92ak,539
,hm9n,540
,c5yz,541
,pykm,542
,rzt4,543
,k39p,544
,tcrr,545
,q4a9,546
,974t,547
,qp2m,548
,ny4y,549
,n4p9,550
,kf3n,551
,7zh7,552
,r3kr,553
,fy39,554
,qcpp,555
,tmqf,556
,tk94,557
,y34q,558
,tcff,559
,9p77,560
,zmrm,561
,qrpz,562
,yf7r,563
,a5az,564
,9zka,565
,q5na,566
,z4tf,567
,pamn,568
,mqk7,569
,pkna,570
,kam9,571
,5tq3,572
,7zh7,573
,5t7y,574
,m537,575
,a43t,576
,m537,577
,mtqn,578
,kc3c,579
,55rf,580
,pmp4,581
,7p9z,582
,5z29,583
,qyny,584
,fckt,585
,kc7k,586
,4pa9,587
,zz39,588
,aft3,589
,7zyt,590
,2rz3,591
,a7y7,592
,pyqr,593
,af7t,594
,9naa,595
,k7p9,596
,7935,597
,7qm9,598
,yf74,599
,mqpk,600
,97hh,601
,2r9n,602
,tmqf,603
,kqkn,604
,f2nk,605
,32q4,606
,nk9h,607
,qmqh,608
,mk5p,609
,r42f,610
,5t7y,611
,3nfz,612
,afrp,613
,2hzn,614
,75a2,615
,a9hy,616
,aknt,617
,ytrm,618
,qkny,619
,k97f,620
,7zh7,621
,p9z9,622
,mazz,623
,t3ty,624
,4929,625
,5h4z,626
,5tqp,627
,p3qk,628
,zhaz,629
,t5cf,630
,2qnc,631
,27mf,632
,q2fc,633
,23kh,634
,27mf,635
,mcfy,636
,z2pr,637
,3cf9,638
,mf7a,639
,hqan,640
,k4zh,641
,p3qk,642
,7hc9,643
,f2hp,644
,zmrm,645
,aft3,646
,4hrq,647
,5tqp,648
,m93n,649
,tnkk,650
,3acq,651
,tamc,652
,h7y4,653
,mz43,654
,cnn2,655
,7zt5,656
,3cf9,657
,f42k,658
,4924,659
,m3cz,660
,yp4z,661
,mmhh,662
,qf4c,663
,rrft,664
,a4rf,665
,fprr,666
,nzn5,667
,47nr,668
,m9ch,669
,9ttf,670
,97zt,671
,f2nk,672
,pykm,673
,zrcm,674
,4y5t,675
,rcts,676
,n52a,677
,mqkc,678
,tnqy,679
,c23q,680
,4444,681
,c723,682
,zmmc,683
,5rcm,684
,kt97,685
,5fta,686
,4yqn,687
,2c5q,688
,4apc,689
,f2hp,690
,mkyq,691
,r9m5,692
,5a92,693
,ncpy,694
,ya53,695
,tpnr,696
,42z5,697
,42h2,698
,z7pt,699
,ppcr,700
,p47a,701
,z333,702
,5rqz,703
,ayt2,704
,zqqa,705
,m494,706
,az4q,707
,ppcr,708
,aan4,709
,cnn2,710
,2c5p,711
,5rcm,712
,4p4t,713
,zzp7,714
,3acq,715
,mprh,716
,nrrk,717
,7p2y,718
,aft3,719
,a9pt,720
,24n4,721
,7zzf,722
,9tp3,723
,h4ck,724
,hyrc,725
,kkfh,726
,nt2n,727
,z7pt,728
,mhp7,729
,595m,730
,r2tc,731
,yp9t,732
,7zyt,733
,yhyy,734
,c97p,735
,k4zh,736
,t5cf,737
,y4fc,738
,9229,739
,yf74,740
,zmn3,741
,52pn,742
,nyzc,743
,akf7,744
,mr4c,745
,f93y,746
,y5ch,747
,7n95,748
,9naa,749
,kaq7,750
,h5nc,751
,afrp,752
,hz53,753
,zrh3,754
,ncq7,755
,9tmc,756
,3nhc,757
,nmrr,758
,f2hp,759
,amrf,760
,m543,761
,pnq7,762
,appc,763
,pk54,764
,2tm7,765
,fn2c,766
,ymhy,767
,mqkc,768
,2k9h,769
,q7yh,770
,9229,771
,cnfy,772
,mar9,773
,a4kc,774
,5kaf,775
,m92q,776
,c2rp,777
,pmka,778
,yrkz,779
,a9a3,780
,fmz9,781
,zy79,782
,4yhh,783
,ncpy,784
,5r74,785
,4ctp,786
,nkpc,787
,ncq7,788
,p7ya,789
,mh3c,790
,9yzf,791
,7ay5,792
,yf74,793
,3hpm,794
,maz3,795
,f4fq,796
,q7yf,797
,tcan,798
,3cn4,799
,5a92,800
,7hkn,801
,tcrr,802
,9757,803
,3ttz,804
,59z4,805
,55rf,806
,typm,807
,r417,808
,22m4,809
,qz2h,810
,km75,811
,5h4z,812
,m995,813
,4924,814
,rct5,815
,qcpp,816
,m92q,817
,5q75,818
,mf9f,819
,fcta,820
,5754,821
,tcff,822
,fqzk,823
,a7y7,824
,yrz2,825
,hrm9,826
,2p94,827
,rrft,828
,24n4,829
,tk5q,830
,typm,831
,qh9y,832
,zc24,833
,47cp,834
,3mm3,835
,hcff,836
,mzm7,837
,hy25,838
,knaq,839
,2rz3,840
,5tqp,841
,hz4z,842
,4345,843
,37fh,844
,rtr9,845
,yrmr,846
,57fh,847
,3acp,848
,37cp,849
,rkh2,850
,f25r,851
,9naa,852
,z445,853
,y34q,854
,9pzm,855
,pc2k,856
,z5ra,857
,295y,858
,hp5m,859
,t549,860
,9qt4,861
,9f4y,862
,33tp,863
,rkhz,864
,c5yz,865
,f422,866
,5cp4,867
,na5q,868
,hnyp,869
,hhzp,870
,h3tt,871
,z3ym,872
,yk3p,873
,pnq7,874
,ak37,875
,kftp,876
,42z5,877
,9535,878
,ty5r,879
,974t,880
,nhmh,881
,z333,882
,ntka,883
,fy39,884
,24q7,885
,4hnh,886
,pka3,887
,2n33,888
,m494,889
,c457,890
,4pa9,891
,q7yn,892
,a22q,893
,4yca,894
,3myq,895
,hcff,896
,k79y,897
,kf3n,898
,4rmn,899
,5acp,900
,k7p9,901
,r3kr,902
,amrf,903
,yq2n,904
,k4zh,905
,4924,906
,9h3f,907
,maz3,908
,9mhc,909
,5pn4,910
,4ayz,911
,yf7r,912
,q2y7,913
,q2n2,914
,47cp,915
,hyz5,916
,n75f,917
,z343,918
,camt,919
,npa5,920
,5qa9,921
,h57c,922
,zy9a,923
,m949,924
,5kaf,925
,z445,926
,hfnz,927
,4345,928
,24q7,929
,yrk5,930
,nkpc,931
,2n33,932
,kmah,933
,hpq7,934
,m537,935
,7rak,936
,7hc9,937
,ckpq,938
,4p34,939
,thpy,940
,4t43,941
,ya42,942
,y4fc,943
,2zr5,944
,thpy,945
,4a95,946
,c2rp,947
,7zh7,948
,mf7a,949
,zmrm,950
,a22q,951
,42z5,952
,kc3c,953
,yamq,954
,nktt,955
,42h2,956
,p7ya,957
,m995,958
,rzqr,959
,htpa,960
,z537,961
,a7kt,962
,rp27,963
,hz4z,964
,z537,965
,3cmq,966
,hnpm,967
,f2th,968
,5yz2,969
,tqk9,970
,qhrm,971
,hnpm,972
,9rhp,973
,5qa9,974
,mzfh,975
,k7p9,976
,a727,977
,5t7y,978
,tpth,979
,cnn2,980
,ayah,981
,29qf,982
,m249,983
,pzff,984
,zmf9,985
,pzzp,986
,4924,987
,pzzp,988
,p2q7,989
,nar4,990
,9535,991
,tnqy,992
,cm79,993
,m3cz,994
,q93a,995
,r9m5,996
,5n4m,997
,tj94,998
,zhaz,999